{"filesMd5":[{"page":"/config/index.js","md5":"b19564ef77e81e8dd7a925902c40f773"},{"page":"/mediator/index.js","md5":"bd1cce80ca4336d4e3427c0176fce7f9"},{"page":"/pages/index/index.js","md5":"db06bc6ca9c084dd4e83a943a5ed1171"},{"page":"/pages/login/login.js","md5":"ae579460fe248a58f21eac5dc1a8dca2"},{"page":"/pages/luckyRotate/luckyRotate.js","md5":"ec2bb98fd85eb33499188fcdeb225930"},{"page":"/pages/scratchCard/scratchCard.js","md5":"9d3352f3d8b5810bdf8f6f8fc66fc9b0"},{"page":"/pages/statusBar/statusBar.js","md5":"8e5ff4fa4844eb92d5ddb1693358ca7c"},{"page":"/iconfont/font_1469606063_76593.ttf","md5":"f6222bcfedff4a817bb50df7a049d1db"},{"page":"/iconfont/font_1469606522_9417143.woff","md5":"6cf5490fd14ff83350ff952bb5b8e484"},{"page":"/iconfont/font_zn5b3jswpofuhaor.ttf","md5":"c0356b22e8235d2b0be8880cc81894cc"},{"page":"/iconfont/iconfont-eros.ttf","md5":"68780fad0047dc5b02cb613ebb08cda1"},{"page":"/iconfont/iconfont.ttf","md5":"ec86bfe5bdb872bad2b2af4f11da14f4"},{"page":"/iconfont/torn-eros-ui.ttf","md5":"25688f410a7c261783c478a7673152ca"}],"android":"1.0.0","iOS":"1.0.0","appName":"AppPluginTest","jsVersion":"fc56a480e22cc059eb9188bed28bc16d","timestamp":1535612162813,"jsPath":"https://app.weex-eros.com/source"}
